<?xml version="1.0" encoding="UTF-8"?>
<project-private xmlns="http://www.netbeans.org/ns/project-private/1">
    <editor-bookmarks xmlns="http://www.netbeans.org/ns/editor-bookmarks/2" lastBookmarkId="0"/>
    <open-files xmlns="http://www.netbeans.org/ns/projectui-open-files/2">
        <group>
            <file>file:/C:/Users/Aepel/OneDrive/Documents/NetBeansProjects/Quiz_GUI/src/quiz_gui/Facts.java</file>
            <file>file:/C:/Users/Aepel/OneDrive/Documents/NetBeansProjects/Quiz_GUI/src/quiz_gui/Quiz_GUI.java</file>
            <file>file:/C:/Users/Aepel/OneDrive/Documents/NetBeansProjects/Quiz_GUI/src/quiz_gui/SIDS.java</file>
            <file>file:/C:/Users/Aepel/OneDrive/Documents/NetBeansProjects/Quiz_GUI/src/quiz_gui/specialIssues.java</file>
            <file>file:/C:/Users/Aepel/OneDrive/Documents/NetBeansProjects/Quiz_GUI/src/quiz_gui/FactsAboutSids.java</file>
            <file>file:/C:/Users/Aepel/OneDrive/Documents/NetBeansProjects/Quiz_GUI/src/quiz_gui/quiz.java</file>
        </group>
    </open-files>
</project-private>
